"","x","y","height"
"1",-3.60656235283778,-0.381741598587669,-1.84718258233129
"2",-2.99845262542427,1.93106119614285,-2.85520903726152
"3",-2.95868321625049,-1.56482827447668,-2.46411322482065
"4",-2.87474764744516,-1.06779133795787,-2.98447220797537
"5",-2.68691753189174,-0.764749840057162,-1.78635476736343
"6",-2.56588906311016,0.92190636906806,-1.30898493517816
"7",-2.4488425939698,-1.16026163953628,-2.05545872357932
"8",-2.30313500565111,-1.36354565672796,-1.97188429352376
"9",-2.27027868340164,0.616571568333882,-2.29383353711716
"10",-2.24327041222865,-1.07532961111862,-1.78820392414957
"11",-2.20982741159962,0.634749498704427,-2.39160529445051
"12",-2.16881473040555,-0.669372390256128,-1.45505547328162
"13",-2.16757382447487,-0.141359329682312,-2.10851422857313
"14",-2.16280061432392,-1.13914746563067,-2.0530825049114
"15",-2.15722993246271,2.26336844357267,-0.900880849419955
"16",-2.14852669843818,0.755826263411434,-1.2678255989263
"17",-2.13611259162952,0.167871722589914,-1.80820156435116
"18",-2.13057551403058,-1.2432435179242,-2.00623359455177
"19",-2.07751612701007,-1.2314200629094,-0.886171193685892
"20",-2.00371878405966,0.287074741238365,-1.38698031638514
"21",-1.98657560656475,-0.739227964502286,-2.91843512856368
"22",-1.9605195294132,0.989639176384095,-1.4162397088237
"23",-1.95981768620947,2.76992365327445,-0.830698016524852
"24",-1.94466951072986,-0.758870010670027,-1.01166722399619
"25",-1.92439770881391,-0.302678164934035,-1.06160999298732
"26",-1.89907709177413,-2.18999486204621,-3.63245985376773
"27",-1.89751635447919,0.471384921296027,-1.64511476555042
"28",-1.8739190416522,-1.18898182223937,-4.23607117771622
"29",-1.80899443399222,1.6574568227598,0.103398416579712
"30",-1.80797984097145,0.763597646684222,-1.42856668217789
"31",-1.80510990560628,1.09651556152906,-0.871158427629367
"32",-1.7702321646785,-0.766256980139008,-3.37294975944862
"33",-1.76372155473174,0.328286732788744,-2.78287319324769
"34",-1.69299110436639,-0.175683266743071,-1.42368001298466
"35",-1.69208620710592,-0.675204385856536,-1.54731734021676
"36",-1.66755834138366,-0.795979125085635,-1.63386379757714
"37",-1.65790336117063,-0.345290935369407,-2.20656278705939
"38",-1.64281034156059,-1.76301717995667,-3.1062520825834
"39",-1.62294656289667,-0.320775823042298,-1.89751895659379
"40",-1.61961139115912,-0.985952551908575,-0.963362810683797
"41",-1.61606437379982,-2.080091225455,-3.51680751242252
"42",-1.58829568324298,-0.164349020756266,-2.50701971599553
"43",-1.58773566680831,-0.181632893485218,-0.822684085704671
"44",-1.58688562717507,0.720959077815866,0.106478680599812
"45",-1.58634519445463,0.617614235089664,-4.32986598559281
"46",-1.5726384928972,-1.38576611575737,-2.40290011444225
"47",-1.57027579065128,0.467719178530079,0.279591932416819
"48",-1.56613133380991,-0.244439557196383,-1.76194433742025
"49",-1.54080105240235,-0.850077234549931,-3.33636545819545
"50",-1.53768313413152,1.30400898507688,-0.747774505642617
"51",-1.53325547992287,2.50801758062119,1.13830765299886
"52",-1.5174065831924,0.719119780941995,-1.50210218820016
"53",-1.50728862078275,0.553399667360268,-0.544232060198468
"54",-1.50176131363995,-1.19620510428987,-0.435022549237656
"55",-1.49921911054577,-0.767946541484068,-1.66408627734627
"56",-1.48632625330654,-0.488619625644609,-3.31161297590124
"57",-1.47696919787172,-0.0793620723255034,-2.9888318344698
"58",-1.47464112245789,-0.761520263597916,-3.18983302173379
"59",-1.47238456967846,-0.250365749788649,-1.97778007308466
"60",-1.4692857178935,0.378641401822229,-0.992071201009317
"61",-1.4569408546557,0.199939036071874,-1.35524566322175
"62",-1.45066618921992,-0.513432547982969,-1.44106093678005
"63",-1.44797531670146,-0.0898445981359903,-3.14828102703431
"64",-1.44739274050513,1.19730056446166,1.18193712926183
"65",-1.44464630331833,0.160325449308017,-0.537150072502438
"66",-1.4373984596558,-0.269161617140461,1.03058806596545
"67",-1.43169966169594,0.150309006892825,-2.38832246377921
"68",-1.429635758684,1.18198273303667,-1.26948796760053
"69",-1.42120510175793,-0.478253977985357,-1.44721268414748
"70",-1.41699706687877,-1.82788503932221,-4.05895206630575
"71",-1.41479387570366,-0.858507490378839,-1.52279307695166
"72",-1.38868935422065,-0.923363723845722,-1.68648208779143
"73",-1.38592324626038,2.55880738092965,-0.0770568711884002
"74",-1.38101644566791,0.286356357651801,0.4541675704756
"75",-1.37996159805464,1.74623434288351,-0.164677927836107
"76",-1.37798930393472,0.0184894463536033,-1.0455093332441
"77",-1.37775250284093,-1.50044555865322,-3.11672954832231
"78",-1.37703245883781,0.473233172597079,-1.22768680752828
"79",-1.37605556244079,0.300970843236936,-1.15961964365699
"80",-1.3690462848247,-0.470364558212169,-1.53225052728005
"81",-1.36461928620139,0.452349618091598,-2.16760398938892
"82",-1.35731768727526,-0.590410874466683,-1.87753854205196
"83",-1.35622608151146,-0.420535105771082,-2.28307485771849
"84",-1.3461691492609,-0.696472298720696,-2.20615861696366
"85",-1.34469647299155,1.04686192182697,0.133098178363707
"86",-1.3441968694629,-1.79067989969872,-3.49363905762232
"87",-1.33766417838978,0.749910876181717,-1.01000518864494
"88",-1.30941551488474,-0.466780439847345,-2.62870639828015
"89",-1.30595269474304,-0.0888070732086497,-2.04663312158266
"90",-1.29910347038129,0.531134979046917,-1.90466685518701
"91",-1.28918671571932,-0.263973208732184,-3.26457259594561
"92",-1.25819910925197,-1.19953889443618,-2.79622140048581
"93",-1.24469876901234,0.887033936540701,-0.789019253197169
"94",-1.2390787720164,-1.76552904139167,-2.14349517150766
"95",-1.23589665903716,1.18122257825468,-0.402847136684246
"96",-1.23478182815122,0.474697461286398,-1.26151363522836
"97",-1.2298978323411,1.42676068316844,-0.115717618521264
"98",-1.21981113936111,-0.0702674270106941,-3.51038249668372
"99",-1.20741096349596,0.685469375690089,-2.01737258472127
"100",-1.20497354976813,1.40272777131449,-0.635651174942728
"101",-1.20358445668276,-0.499635494276029,-1.78181265855919
"102",-1.20353179942225,-1.88046254760763,-3.22737684344322
"103",-1.19053301857837,-1.20457747809572,-1.01899438699865
"104",-1.18087669550545,1.29485007628111,-0.115678037289809
"105",-1.17665925093117,-1.17229897875014,-3.30308058137217
"106",-1.17499355149061,-0.0635798156945969,-3.22224516681985
"107",-1.1691268749386,0.887616805905982,-2.08147822397937
"108",-1.16642350959551,-0.264691243369138,-0.721873723429104
"109",-1.16362175271428,-0.490912899595374,-2.68559676262402
"110",-1.15688273834933,1.75354506444069,-0.484686922500488
"111",-1.15246793299457,-1.1507937679184,-1.8090454066359
"112",-1.14407938332008,0.964851016257582,0.437237081122361
"113",-1.1428636513122,0.0532693549084143,-1.42161766228085
"114",-1.12974358242798,-0.461943754202969,-3.25386815567772
"115",-1.12762609367031,0.192494544277475,-1.75711345372649
"116",-1.11788112773189,0.682400910881891,-0.658814829630801
"117",-1.11741400678898,0.429590814960188,-2.08054016159083
"118",-1.11398564184429,-0.298867231623729,-2.17670711417514
"119",-1.11233402497564,-0.960947070203639,-0.711167562520429
"120",-1.11197758580462,0.710211538298518,-2.75809905963879
"121",-1.10456236860222,-0.333262299196285,-0.96115031091518
"122",-1.10328880179362,-0.34734349061146,-1.53095286447395
"123",-1.0964938897614,-0.410078313074966,-0.396707156210058
"124",-1.09224057136299,1.48305584270305,-0.309038135332908
"125",-1.08706916259634,-1.63832206896306,-3.51527902264372
"126",-1.08173989085547,0.348862155920371,-0.0330227786081136
"127",-1.07719740570289,-0.760925693899315,-2.43153688708491
"128",-1.07356540708974,-2.57098056518188,-2.464512473741
"129",-1.06886876402335,-0.729165633882438,-2.88821307273234
"130",-1.05663068758231,1.16262412052376,0.264673525093327
"131",-1.04943209015612,0.571144548687743,-0.637288766379751
"132",-1.04398429821944,-0.281561571837176,-1.06979488898131
"133",-1.04358462251437,-0.549599751103688,-1.35015826558006
"134",-1.03599862427314,0.182477698099507,-2.13715260514282
"135",-1.03169254570782,1.57928473016318,0.146703440556014
"136",-1.02467239019562,-1.45068678324828,-2.83760048894515
"137",-1.02038018420816,-0.193226578543185,-1.26068510274357
"138",-1.01399684662169,1.42305212171231,-0.631871613531143
"139",-1.00998864281328,-1.01170666492007,-4.06465743046622
"140",-1.00762907374228,-2.05940861285666,-2.02114509645694
"141",-0.991389878338978,0.476426569562087,-1.06053092587157
"142",-0.990570059677204,0.664249801204957,-0.755849562814297
"143",-0.98846953699629,1.45380384953689,-0.0174408055489935
"144",-0.987948410241158,0.811406304946072,-2.91280843094013
"145",-0.987791690510567,2.48485480224167,0.210432793638131
"146",-0.981983201052295,0.258850332252196,0.0194171284347018
"147",-0.981362234107653,0.414282640306239,-2.6350301920237
"148",-0.96915316181402,-0.945133856281114,-2.87180569823866
"149",-0.963382962112534,0.277625943449155,-0.279256943930162
"150",-0.959542063526345,-1.83612777829862,-3.59326458216369
"151",-0.957234703974313,1.25122099493092,-1.87822887335958
"152",-0.949703655660558,-0.189449937172273,-1.89508565069414
"153",-0.946340106458837,-1.42748355350909,-3.0633768229346
"154",-0.937495249922276,-1.31599872488191,-4.29467563696085
"155",-0.929482864377367,-0.838086256641459,-2.63883246421864
"156",-0.924881089504962,0.169313661765645,-1.46884992225392
"157",-0.923745480324348,0.336013395586237,-1.65836218126018
"158",-0.92271804642576,-0.0962423525623455,-1.02614624954085
"159",-0.9178177464018,0.0863305904766197,-0.279568661989739
"160",-0.917070297364521,-0.715581384491005,-2.54183702111518
"161",-0.914319233162562,1.74901448878282,0.848595240063164
"162",-0.912012688591941,0.358448787941506,-0.368990461372898
"163",-0.904307378056557,0.197784068381724,-1.32725608016598
"164",-0.903704667233241,1.6552076135797,-1.45068887390077
"165",-0.893980024415918,-1.51694340151904,-3.12367701395484
"166",-0.886885402923389,-0.296657841413105,-0.98110241010552
"167",-0.885220561577132,1.22677194539784,-1.09858215140495
"168",-0.882298016503212,0.260744962245082,-2.17211122662444
"169",-0.874915418312037,-1.08383554868622,-2.45952846973617
"170",-0.873774717735127,-0.465478158603881,-1.06770470836905
"171",-0.873078565172071,1.1699439673278,0.591428973013628
"172",-0.862098895085394,0.0345543885612697,-2.41713455281265
"173",-0.859740342663511,0.179377682510333,-1.7095029361805
"174",-0.8579981683093,-0.0151574812245234,-1.36372172639218
"175",-0.855506682789733,0.636551382767513,-0.975342771999013
"176",-0.850582014446366,-0.889369809883084,-2.49872355181595
"177",-0.849692629500145,1.51075979853442,0.0658850214977661
"178",-0.846732214524556,-0.520988957379326,-1.2289297696079
"179",-0.84610795347715,-0.4731601404992,-0.990516378468993
"180",-0.843412338953105,-0.386686971854365,-3.89785222772431
"181",-0.843240177569065,-0.557830943410392,-2.65502483816285
"182",-0.842152203477457,1.94196733549039,0.072880473537794
"183",-0.841385209145956,-1.23977592951824,-2.36393853929592
"184",-0.838241969877596,-0.91219923521855,-1.30527369231994
"185",-0.833503475848729,1.11259829744302,1.31440223174681
"186",-0.832890800628309,-0.621841748849751,-1.70884410546618
"187",-0.83170417853051,-0.464514311668293,-1.0694315500564
"188",-0.831013750594927,-0.384576549262183,-2.31774350832576
"189",-0.827167974991589,1.40786970944533,-0.843155260618727
"190",-0.825281917369259,-1.286726400471,-3.05984616859552
"191",-0.822765646568312,-0.378126060143339,-3.53361190199199
"192",-0.818967208572269,0.101689557775193,0.623248049143971
"193",-0.817320203194756,0.214762148455218,-1.33527314718922
"194",-0.81326544348917,0.249177279172661,-2.36381270039746
"195",-0.808037332281039,0.580243674812454,-0.494656459176163
"196",-0.80156284860534,0.366753628891057,0.706017507951961
"197",-0.80039179019905,1.25328707072611,-1.00165073411486
"198",-0.795838311906175,-0.0982732582470225,-2.5235020685922
"199",-0.792944327567348,-1.08159044378037,-2.38896801315675
"200",-0.791853847427868,0.339385465364018,-1.61634993503722
"201",-0.789977298542585,0.193947126442566,-0.998512650288783
"202",-0.788290002641712,-1.5575257412223,-3.98590245878668
"203",-0.78810423852549,2.43314171138588,-0.226150421660477
"204",-0.785152797046974,0.110600414470893,-0.92081131429927
"205",-0.782048077657269,-0.00439917727316924,-1.76518875462454
"206",-0.776996232340485,-0.45190461455096,-1.70795100985573
"207",-0.776554504615375,-1.54839402421394,-2.40878967623369
"208",-0.774778164628508,-0.735995481363239,-1.32728705984093
"209",-0.774108554801465,1.24886806415302,-0.941046376455416
"210",-0.771661713032199,-1.15532275416523,-2.70528887248159
"211",-0.771359898150199,0.114423227266862,-1.09205796962031
"212",-0.767767617907954,-0.71296865420115,-2.42398315711562
"213",-0.756504672981478,0.383153477520683,0.0605885871706378
"214",-0.756205700703226,0.32004002488812,-1.17509480092735
"215",-0.755062587079755,-0.30981826154584,-1.42348572567472
"216",-0.751919521987295,-0.0583637808105246,-1.38736041578549
"217",-0.748714593630662,-0.229637409557787,-1.8455313033218
"218",-0.738739031474031,0.732754877735559,0.58859218393379
"219",-0.734411303275121,-0.250100269185877,-1.9009681785384
"220",-0.732629156037509,0.923547093125105,-0.64398790704759
"221",-0.732271140498186,-1.37468530643074,-2.94000468380454
"222",-0.725614715217822,0.571809081110667,-1.38940553025629
"223",-0.718339468314799,0.653507258819424,0.0289909255771335
"224",-0.716863015501252,0.0984826605834975,-1.61517254221662
"225",-0.715542093860515,-0.681625995161178,-1.77964078781952
"226",-0.714079867457711,-0.838934348716133,-2.84853895213655
"227",-0.710959550183003,1.60388014194231,-1.10938285443177
"228",-0.702062343047399,0.88885022610075,-1.16216085771038
"229",-0.701603935231687,0.390973859551283,0.578783709693265
"230",-0.696672466704317,0.634163768327732,-1.8359099709626
"231",-0.696178825084546,-2.05686753094664,-3.55997226111461
"232",-0.686050475396315,-0.54540932757376,-0.83173180656452
"233",-0.685596757617765,0.0472508682995626,-3.41314170817144
"234",-0.684218631947191,-0.784025474782715,-3.45756608622764
"235",-0.684022892690187,-0.413471037300946,-3.78834670092311
"236",-0.675990545974818,0.790632630332704,0.690573467685279
"237",-0.675928696980372,-1.19988134760982,0.274588579637641
"238",-0.674895133724617,0.304509704627859,-0.686110236742552
"239",-0.673321361573762,0.116266306355934,-1.79099477769428
"240",-0.671321082706776,-0.293759655129925,-0.263582401575956
"241",-0.669937986015287,-1.95208203668972,-1.39681537049952
"242",-0.669891104127393,0.355946017976794,-0.758571253175315
"243",-0.669796201708188,-0.0769044711387356,-1.31990613178796
"244",-0.668924297058781,-1.07768418778912,-2.56499151425108
"245",-0.666386117120101,-1.62907335598885,-4.08112055852119
"246",-0.665116695972786,-0.569146113911746,-1.55914284097423
"247",-0.663438643924126,0.82421413457342,-0.616431748874518
"248",-0.660957625637077,-0.0656393565323084,-1.4385517289295
"249",-0.660910909946223,0.692552831869278,-1.96512168032185
"250",-0.660401221636959,-0.0377112874785359,-3.20238515999561
"251",-0.653440134461627,-0.0498914209401519,-1.28021956494188
"252",-0.652786730964685,-0.268697109880968,-1.45063672331894
"253",-0.651178015338193,-1.75648657763359,-2.40271058268449
"254",-0.648191599702283,1.1183216568225,0.0288918076671217
"255",-0.639637370698797,-0.146878108750783,-1.32578019109699
"256",-0.634776719767096,0.82770286249147,0.483073556481222
"257",-0.629653006665095,-0.305343731133642,-2.32599485915406
"258",-0.624738673334284,-0.789901189517199,-2.05674644929966
"259",-0.622657095466539,-0.463102833479998,-2.5084431252332
"260",-0.621160330026598,-0.208330309023558,-1.17562564013991
"261",-0.61921383298238,-1.83467092351415,-1.37243601190988
"262",-0.616337454302975,-0.992434457340013,-3.67267226532577
"263",-0.615407646692657,-1.08196849244991,-1.35277081509153
"264",-0.607871181648922,-0.520880415954325,-2.16563944799375
"265",-0.597630863966785,0.011648346537298,-1.68820805212449
"266",-0.595150638989893,0.402800063678587,-1.24916807498339
"267",-0.588604504934239,0.701163515603299,-0.728621604836595
"268",-0.583511868346993,-0.814590143265651,-1.77695123635263
"269",-0.582358638609006,0.950587630512508,-0.770427721395281
"270",-0.581019236980807,-0.906100525708344,-1.935969069121
"271",-0.577872962208689,-0.354494180719357,-2.77289529437556
"272",-0.576870440238424,1.67873525110591,-0.0654075790417967
"273",-0.574571076557399,0.109674145634255,0.154858701508656
"274",-0.567191308639018,-0.698117185533293,-2.69514212564605
"275",-0.566648502786692,-0.561478674263385,-2.42577037712403
"276",-0.56574297781009,-0.41482831495287,-3.10832337058832
"277",-0.564834224130667,2.27520614795127,0.471447654784925
"278",-0.561790761626695,-0.364490811630842,-1.78140390629371
"279",-0.560506965956547,-0.769477861716538,-2.2539435237693
"280",-0.557700968492474,1.12809693698229,0.0787102121029163
"281",-0.55575680459649,0.311069659996796,-0.317539492167404
"282",-0.554317918682272,-0.382212574044975,0.0841595827713002
"283",-0.551526018224741,0.0709790739808187,0.131464490766439
"284",-0.55121399432396,0.743089747332589,-1.93966745292083
"285",-0.5505117175925,0.483437755911381,-1.61945513036768
"286",-0.549188478495745,0.19013797929811,-2.05890279083526
"287",-0.547544075368167,-0.536996078140751,0.405990739743522
"288",-0.542091062554531,-3.02391560484293,-2.53093583377098
"289",-0.534897133718422,-1.22144953711088,-2.29544091471015
"290",-0.532581821628803,-1.95162198015804,-2.26496580042828
"291",-0.532371773488879,0.787146959595079,-1.69469595245396
"292",-0.528561296964684,-0.74665373156436,-3.98616058672037
"293",-0.528066624516418,1.18339157134509,-1.75871310661004
"294",-0.525897467276584,0.338815414894262,-1.97680457132687
"295",-0.525179051812609,-0.504902943575036,-3.12170047677675
"296",-0.522861183856853,0.827604344355335,-0.297527295044065
"297",-0.516145678159645,-0.231614671596086,-2.83202029533124
"298",-0.511381796689895,0.445678543679816,0.316021500262175
"299",-0.506347143980569,-1.16900401656236,-5.59267777195699
"300",-0.50460817450874,-1.02178847052058,-3.34043551298474
"301",-0.504121112496603,1.2078461571753,-0.648797748688001
"302",-0.503991099549802,0.896770334492646,-0.606252152587872
"303",-0.494094814566435,-0.0174845611726576,-3.18661540707201
"304",-0.493646949057351,0.771145720630363,-1.2047202432143
"305",-0.49171826984996,0.508814043247982,0.677400233690034
"306",-0.487402055717915,1.12731589019065,-1.24548949419018
"307",-0.467852877433599,1.12189869855005,-0.697810947198856
"308",-0.467813932543646,0.270555008095483,-2.44159671895055
"309",-0.466189113300848,-0.449384895848731,-3.90833206148374
"310",-0.45972419311739,-0.31218733772764,-3.05831769188894
"311",-0.45494294990376,-0.483811107056113,-3.14347288137861
"312",-0.450445597553278,-2.75562108370334,-5.16588004447536
"313",-0.448174319782897,-2.34860700212942,-2.9524189926961
"314",-0.447224838824502,-0.680145161883237,-3.59896157626145
"315",-0.446665662956136,0.494487213594425,-0.83389419121116
"316",-0.445177545003811,-0.724436968074038,-3.77822352833423
"317",-0.444880834518482,0.130695027465775,0.219634134093182
"318",-0.442035561970088,0.420355809629354,-0.938049933872092
"319",-0.440153097201162,0.738003886807444,0.718603515329829
"320",-0.440033135311478,0.17871394746339,-1.08531261342206
"321",-0.439379946260852,0.603484144134541,0.0609901635419765
"322",-0.429863210016964,0.448022647849423,0.114632165731695
"323",-0.427578737432171,1.22200667099633,-0.656621249804919
"324",-0.422617432128693,-1.45758252649106,-3.51916774229915
"325",-0.421591022907099,1.36184044125198,-0.482753813535225
"326",-0.420422281964046,-0.661963361764372,-2.94801498910131
"327",-0.418315593440185,-1.10963034399923,-1.71857664537272
"328",-0.416000813766142,-1.81786581989496,-0.806042647456059
"329",-0.410739620346846,-0.780624077740241,-1.95063626488
"330",-0.409399873906325,-0.114011668653093,-1.77472644529227
"331",-0.408769145990115,-1.26034298465336,-3.2777966422187
"332",-0.408456314826361,-0.286664939065121,-2.0205375230244
"333",-0.408304248923179,-0.198777409216171,-2.08535449671207
"334",-0.408140206338712,0.252613122541501,-1.36394438507017
"335",-0.406735226408154,1.50841503380835,0.733752673316342
"336",-0.40636523565552,0.32684519237467,-1.74865516045737
"337",-0.404526475258089,0.620189971830673,-2.87562620137618
"338",-0.401472689195943,-1.357347741426,-3.98478054098932
"339",-0.399838214822746,0.0680203822185785,-1.92526850478632
"340",-0.398233543889608,0.98597892122015,-1.39662034479347
"341",-0.39385990810341,0.624734651613672,1.46483215090902
"342",-0.392393836742874,0.676577101848486,-0.212815977526527
"343",-0.387660536226641,0.0240274471101281,1.48574593534227
"344",-0.385353442107425,-1.35263488323179,-1.86510039909482
"345",-0.380259888619226,0.357716810043825,-0.27852360457886
"346",-0.369752974983464,-0.872323819278851,-2.88109450367688
"347",-0.368240578591274,-2.25816630313567,-2.12752504060602
"348",-0.359105099637861,-1.96361955769609,-2.72507764306266
"349",-0.358577773659566,-0.0777412026567624,-2.05773198565131
"350",-0.357329005416277,1.45373260242462,0.146066889593011
"351",-0.348207622573487,0.109031903669716,-0.360815863600548
"352",-0.347493292242854,-0.30957830703881,-2.3680489180111
"353",-0.344347776734465,0.597103370648802,0.92305203907117
"354",-0.344267147093868,0.577071339214325,0.295126878764763
"355",-0.3413093787617,0.25935608825332,0.203501884823956
"356",-0.340293939579765,-0.994430380887888,-2.74075787425391
"357",-0.340048877603078,1.67756927966705,-0.224494273352977
"358",-0.339013828806886,1.39872346239599,1.13107887141348
"359",-0.338939721557474,-1.50110159401333,-2.44810218888519
"360",-0.337915073649967,-1.02253914602621,-4.22482120535225
"361",-0.337726820388983,0.678857329977034,-0.1378382084107
"362",-0.335135464100844,0.0262340620361268,-3.47213653516706
"363",-0.333979395916093,1.1818866858404,0.51347115758177
"364",-0.333790957051127,0.955036138157992,0.303685343520394
"365",-0.329955409071638,1.01400885768924,-1.64022816922984
"366",-0.329513952641526,0.997562318830303,0.43142344127006
"367",-0.328680527638449,0.272597176979905,-2.32298504755072
"368",-0.326191435657005,-0.444616110306434,-3.79875985601909
"369",-0.319747694009136,-0.464807704078872,-4.4784913001963
"370",-0.318219611971888,0.889930272590436,0.548347032104889
"371",-0.317432446765977,-0.298634710465536,-2.39711199451012
"372",-0.315248682004955,1.54696944840441,-0.668378067753494
"373",-0.314810701667736,-0.0696413092846986,-2.91502876431963
"374",-0.31415245741504,-0.74311627276355,-2.52551977515218
"375",-0.312285821184654,0.152424363601513,-0.972156008937728
"376",-0.309789602221193,0.173225581384075,-0.521384893349717
"377",-0.309565044568696,0.298009680546311,-0.468902186620539
"378",-0.305268493665311,1.12825423104449,-0.169019710642818
"379",-0.304083753158866,0.778242664795087,-1.61523884489053
"380",-0.302458694544931,0.256974920241937,-0.64386580806265
"381",-0.301940508328908,2.10019790408977,-1.529887869571
"382",-0.291833369952993,-0.509692259291308,-4.05064218535052
"383",-0.290212052190547,-1.61964964284175,-3.7792437217668
"384",-0.28837629518605,0.399589885446506,-1.37012977377063
"385",-0.287447590068437,0.0308759143454014,-1.03097273535201
"386",-0.28721441734787,1.67055903818145,0.353133650968878
"387",-0.286318006199526,0.476829514417914,-0.87318366531033
"388",-0.285761061659719,0.213958870180723,-1.44180860843964
"389",-0.285146270364069,0.741064187947237,-1.4432964136978
"390",-0.284897404140833,-1.21846103062707,-2.90931538648884
"391",-0.284800606176405,0.174163219469436,-0.553974070054489
"392",-0.281870059270497,-0.076713988976764,-1.3876238396312
"393",-0.279753753083889,-0.824679171372289,-3.716707134676
"394",-0.275219913321553,0.4677918371494,1.35793811282224
"395",-0.271107621295615,1.35166049864286,-0.526997181930868
"396",-0.270867654403291,0.177459658436714,-1.58034202312386
"397",-0.270473100276656,-0.0314329696238954,-0.257599039658842
"398",-0.269035011078429,-0.996847681948035,-2.89446695540894
"399",-0.267936074041341,-0.300346120162317,-2.18632260310693
"400",-0.26505697425485,-0.946048813401547,-2.41239934997958
"401",-0.262834267636137,0.227052888006794,-0.18236004378944
"402",-0.261344713533214,-0.119446720027723,-2.93387208577009
"403",-0.260116127905794,-2.19531782135128,-3.66207761837219
"404",-0.259934885785232,-0.476929127557414,0.123714797077506
"405",-0.25515644965109,-0.327140016500501,-1.79700097996658
"406",-0.248277354850747,0.85630753854467,-0.12757911039308
"407",-0.247921916657076,2.35540750236139,0.321279648867391
"408",-0.246938809092621,1.51928595381705,-2.21543516614239
"409",-0.242325784281411,-0.583369340678508,-2.59562537277358
"410",-0.239903872861798,0.426184921442867,0.2986355337816
"411",-0.239788781033606,0.916044897249864,-2.33108579795259
"412",-0.235076701144911,-0.27605210242403,-2.81699823850397
"413",-0.233991841894318,-0.046777762092269,-0.99160048910277
"414",-0.231132888194843,-0.936008593683267,-2.94945028510163
"415",-0.230551174749761,-0.988576883707694,-4.37479643847071
"416",-0.22812444427081,-1.18749846894386,-1.55764448307737
"417",-0.2275418192695,1.7484393993273,0.248767713015349
"418",-0.221379137327604,-0.979685147110217,-4.17900568266183
"419",-0.220844920883677,1.16814749569487,0.884066304478217
"420",-0.220192023191623,-0.336730436836943,-2.32463114921248
"421",-0.216936238680173,0.40753698894633,-1.02159399160233
"422",-0.215631359610988,0.492579177539279,-1.46617182121789
"423",-0.213714601500972,0.290671458476857,0.237880974790361
"424",-0.212224998118723,-0.144161326186237,-3.05490690507084
"425",-0.211889638956951,-0.026798730347251,-1.33643181934673
"426",-0.209732142196525,1.46745128245737,-0.183284196248685
"427",-0.209083654077323,0.184235333816944,-0.837669371830553
"428",-0.201708916460315,1.01721192619132,-0.627470021899798
"429",-0.200450798894104,0.0671784669247394,-2.81517216891326
"430",-0.199802038881022,0.304232830733503,-0.431434741137959
"431",-0.199557683518848,1.24428888933099,-0.428141967004447
"432",-0.19875179819896,-0.339298082241864,-4.10191474648914
"433",-0.197714145712474,-1.88233087341104,-2.45859258872084
"434",-0.196055552423002,0.664758147898393,-1.29403003143253
"435",-0.195686788798844,-0.487335592914279,-1.37185817840571
"436",-0.194912587024371,-1.12195510381636,-1.65871594801278
"437",-0.185145977015442,-1.36438254694816,-2.06066397951912
"438",-0.180744398201725,-0.515169306638914,-0.737596137519868
"439",-0.174011379646462,2.41215053466081,-1.99248947322332
"440",-0.16700026016662,-0.717373473454211,-2.52441046143904
"441",-0.166027225608255,-0.903061526616089,-3.60149842951091
"442",-0.164964352967267,0.682091633442459,0.559458270359906
"443",-0.164366883651431,-1.13677531481296,-3.2059546079188
"444",-0.164163967379144,0.266870629289842,-0.0951408695207601
"445",-0.158099199294965,0.331032164043964,0.761754705123681
"446",-0.158064924554214,-0.102286246335208,-1.43042905270124
"447",-0.156589427531131,-1.71082819854239,-3.36328624044588
"448",-0.152292541932296,0.339195525853829,-0.358753720247556
"449",-0.149390329970836,-0.519534250266226,-3.50258627035306
"450",-0.147559096999842,-0.499018602811148,-2.59249411132429
"451",-0.142791515438902,-1.77040211114964,-2.29335203001871
"452",-0.140149593881059,1.27898202209433,-0.136153442029795
"453",-0.138157242675644,0.811972832855247,0.0357938063663942
"454",-0.135455435990216,0.530072106274399,-1.26292198860289
"455",-0.128930114412153,-0.401686985922536,-3.70790625181594
"456",-0.125822771045127,0.813576284310743,-1.67263574491792
"457",-0.123220960407246,0.366666075333034,-0.417251571496157
"458",-0.119701705005529,-1.84591803982207,-2.50584996990723
"459",-0.114578065845511,2.19190607639894,0.370507064330625
"460",-0.114566934308896,-0.640566283269605,-2.15324868450074
"461",-0.105998908547461,-1.30590990525873,-2.79898511293111
"462",-0.102752319779999,-0.201551192345055,-3.1217876783895
"463",-0.100398032394523,-0.594023970494344,-3.24737800649258
"464",-0.0976221298650902,-0.434887249482124,-2.13191489378086
"465",-0.0963930243773213,1.12814386771854,-0.560880387692522
"466",-0.0959611543082977,0.983297871721985,-0.385019575405958
"467",-0.0955088109711623,0.68494807987867,2.19982320214482
"468",-0.0953981423571772,1.45172921001778,-0.743651487424338
"469",-0.0944805363423755,-0.132555506213399,-2.83301121067546
"470",-0.090693160325637,0.506267674710109,-0.773441006907921
"471",-0.0866211646910104,0.707606715654927,0.0439407010483334
"472",-0.0862089929843077,0.55399771090828,-1.51624804135991
"473",-0.0816949573500111,-1.75011829720578,-1.35442302572178
"474",-0.0776649801389643,1.47968737140743,-0.025891562867919
"475",-0.077030489146884,1.30728111728831,-0.892732834776356
"476",-0.0728288466351033,0.637156930603938,-0.942583321048058
"477",-0.0726887948209024,0.77267404057205,0.942448526139399
"478",-0.0708912816921234,-0.413434257358522,-3.09834773023166
"479",-0.0688324827104801,-0.895729080082314,-3.00771420676667
"480",-0.064809223989594,0.0158580629221238,-2.44542986026363
"481",-0.0646273594877019,0.438040960303892,-0.174471599338528
"482",-0.0642760745046791,0.174456413364302,-1.8176310622969
"483",-0.0615272856959844,0.91751941682961,-0.383371987703626
"484",-0.0600613874198228,0.808283241820637,-0.878704211821796
"485",-0.0542352933594945,1.11621676848294,0.0818016118963091
"486",-0.051356923917964,1.95562537742484,0.292240269335853
"487",-0.0507468016988644,-1.23435888426663,-3.57690822421121
"488",-0.0496549245294729,1.15647783987006,1.50069064090755
"489",-0.0438602984517251,-0.574121037783046,-2.60971480610032
"490",-0.0425424213672103,0.453150140308717,0.467557474560313
"491",-0.0421090662805267,-0.0597655260530803,-2.67307618811021
"492",-0.0411944943422878,-1.93324765656573,-4.21533509907078
"493",-0.0401967501662863,-0.392529394754843,-2.91789706905032
"494",-0.0302054426774828,0.905129804555449,1.18592974313578
"495",-0.0298209360332062,0.236369230009741,-0.450812070987026
"496",-0.0236531151807627,0.333088973858656,2.27756739403618
"497",-0.0219233026119229,-0.95230564695119,-3.80905885840996
"498",-0.0217758057965287,0.308639482969976,0.216233719568744
"499",-0.014833132919843,-0.691949880717255,-3.65811211516374
"500",-0.0140709354242953,-1.93497576201129,-2.96309224754774
"501",-0.0138530490906846,-0.487053133942821,-2.73458183768573
"502",-0.0106659822748706,-0.789952434032174,-2.03099890791014
"503",-0.00548616411845505,0.0131175082001807,-0.213864615850439
"504",-0.00443998808699569,1.45041885358229,0.819598817433469
"505",-0.00292293714056979,-0.195906693051084,-2.41734730000941
"506",-0.00241225796521893,-1.21154579921207,-1.9626692995739
"507",-0.00168220977973865,1.42194660600655,1.1384161152392
"508",0.00390658325829995,0.69931630291961,-0.166846389516995
"509",0.00631704509558041,1.12468440927068,0.378161224650024
"510",0.0123489056003697,1.31893852616533,0.579539841107873
"511",0.0147765724728285,0.690690639960843,-1.17891959891902
"512",0.018276227039052,-0.659038378614123,2.27197730497492
"513",0.0185371337872359,2.35745480136626,0.871639430882934
"514",0.0200934366709582,0.995687879765793,0.163995455972498
"515",0.0211687363342066,-0.92079937705681,3.07420618219032
"516",0.0213849994097035,0.580296420658715,0.92800442370218
"517",0.022774482228758,-1.64943178374624,1.80301552280123
"518",0.0251926917867175,0.155779165621464,0.477746014491526
"519",0.0356669556302983,0.494045967230443,-0.849491842609109
"520",0.0370699745848661,-0.491610228032269,3.84299907674385
"521",0.0382767897622398,-1.59817886146617,3.12340815182954
"522",0.0394841720376224,-0.422970752494931,3.27341324768653
"523",0.0437057856175405,-2.5993825896702,1.27739171824182
"524",0.0509967799161329,1.45076238293752,0.771276555851586
"525",0.0542620876557835,-0.146792199528265,2.99669013864403
"526",0.055928132624374,-0.326378254751874,2.63381669496347
"527",0.0569337935030364,-0.955387928758125,3.26435033645956
"528",0.0589221166225523,-0.650921599898651,4.42304297428098
"529",0.0605677865991332,0.473233821496804,0.609569077519437
"530",0.0613391495766892,1.00185158214666,1.62320738250268
"531",0.0614430899865005,-2.06000437812318,3.42431395229207
"532",0.0650394125757278,-1.33088601126317,3.77436831826166
"533",0.0662577461291721,0.76597604689525,0.51997938121754
"534",0.0677938778166166,-0.00950188765440101,1.83506581317904
"535",0.0715865671430873,0.0819918597969639,1.12180800717251
"536",0.0716056601174826,-1.0088203798073,4.75058007060034
"537",0.0792939465822593,1.33003799697182,0.207112457091251
"538",0.0814425539470426,2.23912701559199,-1.49436632575854
"539",0.0828075615112328,-0.853550486440025,4.60392105457434
"540",0.0836739276182464,1.61385062037247,-0.91388013535252
"541",0.0850285835360001,0.700983195464344,-1.02204697912854
"542",0.0856096593640543,0.621131763745044,0.0901640097078208
"543",0.0933929754313143,-0.607044706805369,5.04814675789906
"544",0.0963073928866266,-0.367240602310653,3.45776905995659
"545",0.0967234948120905,-0.37900034769538,2.55724112693044
"546",0.0991951985610886,-0.0150364321792725,3.09626328718234
"547",0.107011089821372,1.41093980264639,-0.178884039925404
"548",0.1081221490312,-0.695879646570802,2.45540504556669
"549",0.111550170843693,-0.680229181098732,3.23344233853453
"550",0.114548774792017,1.24830561133167,1.6726968185372
"551",0.118274347236272,0.830994182641049,-0.0214640606589818
"552",0.120442480180899,2.34778640516203,-0.420766272430798
"553",0.125478601462474,-0.0308431822458506,0.724735686180642
"554",0.125882277025931,-0.615942255864218,2.4603627697833
"555",0.13228400158433,0.332375232221922,0.726784123487005
"556",0.135823151300009,-0.651869992736306,3.8210461147295
"557",0.136727818232036,-0.217639226367948,2.60678926544935
"558",0.136916666404067,-2.58735713379684,1.65115898008263
"559",0.137754869226782,-1.47508603106168,2.0748502687419
"560",0.138001547184552,1.80124881030162,-0.428332439576029
"561",0.139059149725681,-1.77633325385034,3.84247295276387
"562",0.140241545637375,0.417484665015496,0.738714831631355
"563",0.154637535450154,-0.904445624411237,3.67737921432944
"564",0.154858818312314,0.298634004577983,0.94605861664835
"565",0.157108154706347,-0.36924703523769,3.62291589319118
"566",0.158489077842408,-1.22514622797532,2.89488442080629
"567",0.159934682912862,-1.01637235566227,3.85726943474676
"568",0.161050743135793,-0.706440856704024,1.52328951799151
"569",0.167011847315462,-0.510280015346979,2.66326586719995
"570",0.169605309512841,-0.847347783602028,3.44197499810518
"571",0.172248647944931,0.245852068119162,0.319095160678794
"572",0.175463065105207,-2.53472365483398,3.26921912540777
"573",0.178224137246991,-1.06230134430968,4.33618388061221
"574",0.183241294184879,-0.172076588237888,1.50103302396211
"575",0.18717751996009,-0.966547342454237,2.04971660021706
"576",0.197764050352085,-1.09572112075418,3.70320405578028
"577",0.199711774663561,-0.366733300186943,5.40466443050654
"578",0.207143895442466,0.15830690298556,3.39012279254224
"579",0.211499256271888,0.418171423753233,-0.213900258905597
"580",0.213273530632644,-0.685089699300474,2.62034119162812
"581",0.21679372036971,-0.895724841632069,4.07477494815092
"582",0.217166784468995,-1.62480230944361,3.72821908646517
"583",0.217874193630842,-0.435406031063292,1.68263034405202
"584",0.221831189608244,-0.777293840228419,1.2685744226616
"585",0.22542285817532,1.28179124217765,0.793609213417984
"586",0.225975368512811,0.724834517005547,-0.450912669488701
"587",0.227189566921126,-0.385199104059121,1.5780453051908
"588",0.231233937591075,-0.516042349584967,1.80821870592022
"589",0.23397525746732,0.879167287343151,2.27923699575838
"590",0.234677632570904,0.317230609477032,1.84792378837324
"591",0.238604085411294,0.427759704754262,0.828430514984943
"592",0.239997399892418,0.30200581323171,1.50698862609078
"593",0.244891146992554,-0.233339767408991,3.57536293379732
"594",0.247998895130615,-0.0510451053535168,2.8113561035621
"595",0.249947647045454,0.20060126299694,-0.00335246796880007
"596",0.251673496624451,1.35517734272829,-1.69234622294245
"597",0.254508221764036,-1.13744476832928,2.79171111864584
"598",0.256348522571847,0.852332837220911,-0.596008508225797
"599",0.258189742964017,0.262573238236632,2.76004151240023
"600",0.260031367735902,-0.123817898622181,1.37440234368444
"601",0.265025432082277,-1.14624739644357,2.39960321811016
"602",0.265071161453374,0.326549506847381,0.604084281613601
"603",0.265126929869884,0.532616278663978,-1.66574257938487
"604",0.267854590965971,-0.495057583292453,2.50277805181668
"605",0.268579743789636,-0.578497822057045,3.8428287775935
"606",0.268713465051801,-0.854628374936858,2.02346450693373
"607",0.26921984152027,0.150552168863734,1.39688314630418
"608",0.275395157372511,0.575696370803409,1.86601990731541
"609",0.27540113654853,-1.6179076559607,3.74886350507834
"610",0.276853838518242,-2.44095367104724,3.0219981751192
"611",0.277150116670569,0.449915956048823,-0.463861171558523
"612",0.277672974794958,-0.789016433481417,4.3791412411348
"613",0.279596092888014,-0.369558519586408,2.77386971807758
"614",0.280844996143996,-0.647143290749331,2.65089595743235
"615",0.290025288294859,1.33389415943151,0.0303785347478732
"616",0.290285635954839,-0.0311561751953954,1.48508069562127
"617",0.299239406257869,-0.317361801128301,2.15677338524843
"618",0.304688439499165,0.828507855140471,0.49054761010409
"619",0.308981398474264,-0.629336475835942,1.39835723290595
"620",0.31427272384549,-1.37691593735975,2.92954296676602
"621",0.314490996773144,-2.92851819666249,2.52165284435771
"622",0.315083609048372,-0.0576458028209137,2.01169214118635
"623",0.316858036807647,-0.684728184380644,1.23078985194145
"624",0.318970152195226,0.410292020106855,2.45931890522319
"625",0.321627693801281,0.573429240492369,1.56490564480532
"626",0.322920365142659,0.406183661328472,-0.431125382036548
"627",0.327098585689719,1.38172037034803,-1.84940474302621
"628",0.327806878737899,0.446240924515866,1.56088997684359
"629",0.33055699418342,0.574534004558888,0.326847936455283
"630",0.335731982602966,0.113414872653579,1.30906443859274
"631",0.338780966036675,0.190477717079144,0.939521031406027
"632",0.34521723023335,1.4371093914734,-0.214229153476155
"633",0.346044951262903,2.59417467017219,0.139047728337426
"634",0.351429391339213,1.75614536389289,1.01167506371791
"635",0.351553404781639,0.00216719585958572,2.18893453935782
"636",0.352861840440709,-0.829609245917436,3.70557568801789
"637",0.354488160915948,1.24476502681069,-1.03294022362656
"638",0.359926740735457,0.707671708333865,0.198206886147679
"639",0.360252705563034,-0.174878241139538,2.73979772345576
"640",0.369441540606601,-1.88368988785363,2.93272624148077
"641",0.370347052889995,0.372540664908811,2.50849889837297
"642",0.371635580798849,2.86727804871146,0.372969686074946
"643",0.37182430635129,-0.807824027478518,0.880418397661791
"644",0.373774715053621,-1.27877825631571,3.07709730486218
"645",0.377063098967599,0.201740592358672,0.518151817969996
"646",0.380482407368852,-1.00384193244482,3.66994634308419
"647",0.390621792284408,-1.00183086551589,2.03563326463294
"648",0.392963520681382,0.719482915285259,0.605851210054336
"649",0.393918693765049,-0.61469665761721,2.0823576741671
"650",0.395610307143273,-0.0727496037478463,0.533497315499539
"651",0.39647873490967,-0.428961267127489,2.41568433631797
"652",0.40009849734828,-0.445093517716867,3.32984438536314
"653",0.4013912895343,-1.2687358804689,1.33310250557713
"654",0.402550600919472,-0.02782678220453,0.057275391385667
"655",0.40434611937822,-0.16052503648022,2.34773576133801
"656",0.404508669321423,0.212098101816221,1.00335676014234
"657",0.40564305840079,-0.35597903685679,1.45767205284413
"658",0.409168079695247,-1.99829968197412,2.79990371792895
"659",0.409712488789305,0.18992277247809,1.72810626001845
"660",0.411429959696837,1.58557985140215,2.13719805588697
"661",0.413392702476616,0.40463625627823,0.425322563046623
"662",0.414685316340455,-0.0123724222278371,0.334692378557222
"663",0.415386368153086,-0.070850602447293,3.35976436071629
"664",0.416095281807669,0.227950351263489,0.467751389083104
"665",0.419292010761196,0.474015674666874,1.72484066667794
"666",0.419545373814542,-1.38865094892289,3.94278508829235
"667",0.420112158764542,0.242469965745669,-0.541120944233551
"668",0.420299497746851,0.368176621002462,0.940978136261889
"669",0.420616740095513,-0.549956476320013,1.78895039462987
"670",0.422109621552209,-0.884485457419496,2.91494956424943
"671",0.425379685752199,-0.757069876678898,1.61441962082092
"672",0.426677790449612,0.541173720439457,-0.306451393392332
"673",0.428345587874532,0.432653523688837,2.45598341340697
"674",0.429112629131159,-1.00428915882219,2.2637816894129
"675",0.433343452106304,-1.36036298117817,3.1020090688298
"676",0.437435496639048,1.76613034451912,0.659319869621406
"677",0.438093270978291,1.10537038780747,0.849575928177037
"678",0.449407987265848,1.39598208591153,0.593626693671535
"679",0.450499203141985,-1.33758717733466,2.38026516218786
"680",0.450604285841284,-0.976178020479279,5.60759997313695
"681",0.453002588629243,-0.661820573834849,1.62779630059689
"682",0.453145005817736,-0.612270434731309,2.21066249059199
"683",0.456180895585499,-0.179908893996213,0.0951321413660704
"684",0.456675330988825,-2.35805030210323,2.89356331444976
"685",0.456992583880982,-0.0217337837956516,1.10375426882998
"686",0.457218491989007,-1.34810654658504,1.1539313730996
"687",0.460699631858399,-0.0860212011609513,3.41467262136592
"688",0.467695817542444,-0.214142452269216,1.70531796332242
"689",0.470444113536234,0.870541962262131,1.01890189929833
"690",0.471891489198647,0.528524934503023,0.603811149266956
"691",0.476719697034279,-1.74703525597963,3.97815075730772
"692",0.477171805754289,-2.8635701725208,3.12215294940555
"693",0.479187184535987,1.40609479239195,0.150994137868401
"694",0.485836999526038,0.459692173344965,1.79969491200362
"695",0.488559040034019,0.236728066013964,0.36625799572688
"696",0.489532831160681,0.76962491319406,-0.0796743416282472
"697",0.489559559636423,-0.725857654520095,1.41781781477202
"698",0.492194177690241,-0.271779907699236,1.49376215338459
"699",0.494996225457295,1.22197534368129,1.80295046364704
"700",0.495684235106472,-1.26046499389723,2.49626299847221
"701",0.499764339444334,-0.556044226930602,2.27878292177396
"702",0.501153617479938,0.924371907058534,0.908068800076594
"703",0.503916013199722,0.0784363768059959,0.215089872916703
"704",0.508151815808057,-0.0819569826003499,0.89988902990633
"705",0.509569032666895,0.670392609174382,1.30309270999774
"706",0.517988585655787,-0.547484537547067,2.7957353454577
"707",0.519470718180855,0.377401426243323,1.11468020616306
"708",0.521865043045707,-2.28220055610295,5.27293062337226
"709",0.528316643067879,0.34780731709339,0.0554419272334419
"710",0.529661484883556,-0.662412392258566,2.21068805666983
"711",0.533761369069634,-0.420024297675775,1.6051576715074
"712",0.534219162648135,-0.26605954625598,2.17070555385748
"713",0.541469448577174,1.21250097367931,-1.79359136984276
"714",0.542276068823251,-0.301913036976702,1.79588271016837
"715",0.542875043825739,0.853817845436217,0.621877506351548
"716",0.543213592710373,1.42165332379989,1.04272686434384
"717",0.553054079669363,-0.110115679369293,2.66984675333227
"718",0.56426943795222,-1.56356421238667,3.27266112244767
"719",0.564741800764872,1.23206253980803,2.38450277409397
"720",0.565410118520883,-0.670719741708723,2.97209393803673
"721",0.570627642243162,1.09050061740835,0.150940676982162
"722",0.571297455465621,-1.06652138782315,0.762440995973544
"723",0.571536425000463,0.502136898449837,0.362976017298701
"724",0.573295508177861,-0.967669830834686,3.39747643010319
"725",0.574196190187764,0.112914364392879,-0.744990879881205
"726",0.574401490747469,1.08578602188413,-0.186943961614128
"727",0.578744525082509,-0.560108229939363,3.66466058116771
"728",0.579638708350324,0.937479411910245,0.0414397208505801
"729",0.598285987788888,0.816056047044493,0.194739838945217
"730",0.598332534021912,0.617614907605517,2.1898304263739
"731",0.604115433752514,-0.733719156687119,2.07188269470031
"732",0.605333758674325,0.449087346257087,0.539958974409005
"733",0.606953965680017,0.690425960641742,0.493958870407108
"734",0.613879170657203,0.145446560372849,2.41564575607951
"735",0.615665392104462,0.886804267803893,0.942087490438241
"736",0.615811297557045,-0.404967665539767,3.64625322192533
"737",0.617343390495487,0.815850188712304,1.22245127508246
"738",0.623249685449796,0.188930937927787,2.17161384694927
"739",0.625041259537841,1.00641513008245,0.742583244243723
"740",0.627220562293457,0.693770157091842,2.30008930359279
"741",0.628133261514467,-1.13338608519459,1.2655665373511
"742",0.629559560557003,0.286852533382372,0.544499711100062
"743",0.631941310393662,0.137467130222819,1.79883982692979
"744",0.635394322771462,0.35995769566334,0.721649605084964
"745",0.637587300395618,1.59421151430987,0.0214244946813613
"746",0.638039264288752,-0.523130411192226,1.34791125065085
"747",0.638671451262672,0.0644241090519178,1.02652244155184
"748",0.639920518511679,0.800902743645095,-0.54653429114361
"749",0.646096961649597,1.19097224320087,0.854114887684393
"750",0.652151440566066,-0.44355975683399,1.3997209430577
"751",0.65312191169576,1.22006988458998,1.62901495401622
"752",0.654722925614077,-1.22915105265344,2.31758257323426
"753",0.659267064524529,-0.896017507041699,4.19441730922729
"754",0.659970266234062,-1.04756858520342,4.97532629906001
"755",0.660229741445574,-0.626547118340695,1.66168932272053
"756",0.662506104667018,-0.245466545689128,3.40055768103113
"757",0.669302846591604,0.133837388866859,2.51161505353693
"758",0.676762814555666,1.84093702675885,-0.953542697146453
"759",0.678456961564865,-0.30607823250298,3.01032925512633
"760",0.679100515157696,0.731365566910727,0.395341128476355
"761",0.680392393165594,-0.861661282836726,1.766564563187
"762",0.681661384958867,0.865891337248571,-0.706018218403264
"763",0.682190792279474,0.640726426928909,-0.414330547136739
"764",0.683572007184779,-1.39742836897245,2.42761902006284
"765",0.691645685030699,0.759047103108994,-0.0731993559843344
"766",0.694998795541963,0.884620919223547,1.50759045585591
"767",0.69545648389186,0.757775096414466,0.530648116688739
"768",0.698239416188392,-1.38981053584045,2.43118186530404
"769",0.700227309102658,-0.976879275107705,2.48478524607729
"770",0.700898332669614,-0.93535195658594,2.06613230013518
"771",0.702753043689475,1.06716077164096,-0.676641310821223
"772",0.704831769494085,0.640557570110814,0.189135488360768
"773",0.713409105889922,-1.06014449972548,2.38723360488637
"774",0.71535236851312,-0.969370813218564,2.25268610645583
"775",0.716491439778535,0.772278177203028,1.30200014239925
"776",0.720186326652622,0.614896871216235,1.1199438884042
"777",0.721634033365068,0.709643176748181,0.427980775483996
"778",0.721853022116796,-0.301922431484018,1.10331205945357
"779",0.731398833170567,-1.21992594197035,3.00374049331208
"780",0.737436444801217,0.129407700402358,1.56906063440383
"781",0.740893270651976,1.18722304536269,0.484117696152009
"782",0.741627367747695,-0.251527757229998,2.49380177729847
"783",0.74853020868543,0.18770104841352,0.96932239206438
"784",0.748662451257463,0.284396130940836,1.11909661497795
"785",0.749636063893355,0.264485504786862,1.75799981810528
"786",0.751240351062253,-0.125551459853992,2.02477081118111
"787",0.751379980490777,-1.51795446620197,2.0010511570716
"788",0.752221759214772,0.128174117799111,1.34887467202848
"789",0.753369229542838,0.103771148541043,-0.759997306895703
"790",0.753638136204554,-0.160927588771571,4.4071275886315
"791",0.754145871134943,1.1228513391391,0.417346688811617
"792",0.758509233989031,-0.223797885479701,1.13199917505672
"793",0.763199702089933,-1.22238267357132,0.697009593573759
"794",0.764213326643447,-1.02432183983386,3.80199435977838
"795",0.765355358876392,0.551743089920647,2.27091653676104
"796",0.76652425185575,-0.59543237386793,2.82802962564826
"797",0.768939000156143,-1.02277426983106,2.89230991960786
"798",0.770736230572357,0.684600739084332,1.52731301282108
"799",0.776329975008433,1.29804540845444,0.822939670851432
"800",0.776973995622569,1.16908674619824,0.0157141169223951
"801",0.784714406758925,1.49935369247491,1.08336136608071
"802",0.792758290811604,0.872429706295446,1.34294710423097
"803",0.793373905550088,0.326236971420057,0.29446536252722
"804",0.801286182341746,-0.0564708057406263,1.1182765176552
"805",0.802051401758623,-0.508676275743273,2.62636551357443
"806",0.803868905116177,0.865147131349724,2.71237950358055
"807",0.804589699447034,1.24879830695469,1.04893618958887
"808",0.804860655890158,-0.201772083831105,0.937678838383618
"809",0.805631127891068,-0.439321318593213,2.19737562972381
"810",0.808584740240054,1.04423777175867,0.72109329581178
"811",0.810896558251036,-0.425979712437383,0.831790737450231
"812",0.811892712934935,0.328511968132847,3.51212669219019
"813",0.828630404742298,-0.590417546492037,1.71604053557534
"814",0.831064764145664,-1.16549091896537,2.87701948806082
"815",0.845613082910617,0.0240126978789689,0.540217454923474
"816",0.84717573938787,2.02345228329114,1.48882134201051
"817",0.852889113898619,0.488153980294734,1.71919001001974
"818",0.864397413968836,-0.323845837741955,3.01080941935326
"819",0.870303977058305,0.531143089694973,-0.0578264018807704
"820",0.873985094452837,0.43391679653341,-0.504607363738456
"821",0.8773087512058,-0.358165767553063,2.21269739706209
"822",0.887734258200398,-1.7172980515044,4.24766394267069
"823",0.890361716839965,0.962993641865989,0.910140170899953
"824",0.895070138677436,0.554832403353238,1.26866351304013
"825",0.899989415058055,-0.968684922846035,1.91870733077895
"826",0.900478758628365,0.183681874472037,1.96600572575227
"827",0.906496292832156,-0.251992359708803,2.6030491000665
"828",0.914185776057238,-0.052010356906415,2.34329885089469
"829",0.915073828640021,-2.70264496821763,3.86771547547981
"830",0.919697613309587,1.02779741427377,0.0211908011598038
"831",0.926663314207993,0.60038864837687,1.76036976593596
"832",0.939548692939587,-1.51273332873169,2.50021549963969
"833",0.94114264715738,-0.409627751011221,1.02825497581676
"834",0.942591172287111,-0.246860765850339,3.51241319884585
"835",0.943736660718225,-0.157095818478548,1.34333449307997
"836",0.945619950146212,1.215383423143,1.01489881298423
"837",0.946173888374024,-1.53726965933802,3.18688901774119
"838",0.959374817855243,0.845101442313012,-0.742027503998233
"839",0.960493095510233,-1.09567471450824,2.42591756054843
"840",0.965094628167266,0.550363968461534,0.872580198347711
"841",0.976385461264365,0.197918426372395,0.240236003596212
"842",0.983217462319483,-0.911449987658805,1.88105070660022
"843",0.984641060478857,-0.0553079432696159,2.5163763334882
"844",0.989961423880814,-1.04152309180782,2.35372049172126
"845",0.996277910259633,-0.507701286551882,2.25464204815179
"846",1.0018504927656,-2.8831715177643,1.57131599470259
"847",1.01349785542735,-0.169478458284347,2.24158861311809
"848",1.01453657100907,-0.123069267471958,2.54537696436951
"849",1.01503875979974,-1.06685781887965,1.83408628704117
"850",1.02022737769861,-0.16765927179313,3.20234445708968
"851",1.0265608653403,-0.237412479121343,2.18351660838141
"852",1.04430010688537,0.240310836898021,0.259884597300989
"853",1.04465336643112,1.26414443589095,1.52063663390757
"854",1.0508058532447,-0.241704775880467,2.08255946686424
"855",1.05158093172097,-0.0831376149049269,1.48312089158887
"856",1.06387112476051,-0.59848906514663,1.34917717193775
"857",1.06776726340593,0.920984468206302,-0.385635892173619
"858",1.07428749103358,0.179358411933133,3.02790457009781
"859",1.07511515817599,1.03418906191115,1.28275626961124
"860",1.09060104263792,0.0620779390956599,1.96312179755759
"861",1.09518595309616,-0.0213238514635631,0.898591746580796
"862",1.10594806981314,-0.548953084009856,3.44265525581517
"863",1.10712865812467,1.43364537452259,0.819310522845084
"864",1.10796426874088,1.60100227454892,-0.389455953630407
"865",1.11342730350454,-2.47098788346116,2.6587461887862
"866",1.12444079743743,0.426666150634617,0.910795699995085
"867",1.1365677547636,-0.521679533521863,3.51018286516101
"868",1.13872441050365,-0.272539337999732,1.79759006750714
"869",1.149155220098,-0.551916481808668,2.63884073545047
"870",1.15157697323906,0.377783191926644,0.733920773824936
"871",1.15559491801381,0.795404177377311,0.244306080875884
"872",1.16258322304499,0.658196115134748,0.651931992145758
"873",1.16640516800503,-0.149298942336491,3.49529419547514
"874",1.17650549627099,0.399862931629146,2.25557937371078
"875",1.18459591912992,0.112237295435993,0.140669069715712
"876",1.18555498269963,0.525903704649238,2.66415131888172
"877",1.19014822277263,-0.911907709972098,3.13424621590264
"878",1.19305893288318,0.513853878411146,1.72402333946723
"879",1.19580759534662,-0.770543271127902,1.27623640919621
"880",1.19640090296521,1.60219274978234,2.08337361756011
"881",1.19834566510714,0.0676492702403324,1.08844836490269
"882",1.21077615206512,-0.0835924346498829,0.442428272254577
"883",1.21127857479851,0.983581505445878,0.666256655404897
"884",1.21247865754541,-0.965343510679186,3.17800693106676
"885",1.21349950343379,-0.258056669575652,2.75606025997865
"886",1.21680647202128,-1.40923965493492,1.40734029399333
"887",1.22585936191355,-1.42773673730968,3.87574392377349
"888",1.22879267863806,0.726848727017387,1.64126061200521
"889",1.23219166910179,-0.757770776129319,0.279745230808176
"890",1.23501769053641,-2.5862448633861,2.6560475853605
"891",1.24473539711934,1.70830405144196,1.23928619074578
"892",1.25197790262029,-0.234578766173094,1.33720982381316
"893",1.260634552716,1.16734793769851,1.6005765715032
"894",1.26741449469186,-0.450872086779312,2.48180109544123
"895",1.29919086953174,-0.48623530792699,1.46864750541619
"896",1.30234569182989,-0.527298694705605,1.54358480967405
"897",1.30853508189546,0.751811003831223,3.01189999960125
"898",1.32065401032156,-1.05274369854037,3.81395238614495
"899",1.33540608641189,-0.866667804130638,1.15867166772187
"900",1.33637102965772,1.2318331113855,0.0924802617351048
"901",1.33851648482149,2.74579707852872,1.63798739009386
"902",1.34568687901563,0.443665573112006,1.77129806379526
"903",1.3464144243779,0.1067478650863,2.37369981717864
"904",1.35666472631019,-0.498510311617141,2.8210803919562
"905",1.36096578748569,-0.671787052397288,0.674358925541594
"906",1.36972359561727,-0.0927292251013689,0.928473952345266
"907",1.37088752619903,-0.811335257303676,1.00483905813729
"908",1.40366730884068,-1.55792606251757,1.49048383571529
"909",1.40707813493508,-0.640981615483381,3.15566875839975
"910",1.41275350770901,0.0478419918593452,1.39759567989382
"911",1.4346795008175,0.00845017752358018,2.58123245944921
"912",1.43955892387315,0.769644529270645,1.01226503092103
"913",1.45356087593834,-0.620693411047223,2.19442897654501
"914",1.46153118695565,0.382110561001187,0.755855506542906
"915",1.46155261833686,-1.56359962036844,4.10621735233904
"916",1.4618125743862,1.06079996602463,0.334335071432317
"917",1.4619692161104,0.20498872572625,2.83708298751486
"918",1.46449972315324,-0.167833069844647,1.72585190807052
"919",1.46692309398684,0.0259222056275534,1.54196295815632
"920",1.47139339938437,1.14501114619766,1.85768467517906
"921",1.47450508508453,1.04371988792198,-0.477745683685573
"922",1.50042583146106,0.0670564458250593,0.806579804451622
"923",1.50655400568413,0.251982630398465,1.2242239714108
"924",1.50947624947969,-0.287451242018183,1.07324548362155
"925",1.51311904371808,0.084855232540847,2.18675228467578
"926",1.51960191986558,0.718545106489079,2.122403926131
"927",1.53802264730515,-2.15793668048752,3.03320629366019
"928",1.5501674750817,-0.990130671343684,2.20564124743598
"929",1.55180985263173,-0.371019060704485,3.4846144067946
"930",1.55202440855792,-0.795379377441998,2.16896078123614
"931",1.55407634782987,0.246019144716641,2.27406948403723
"932",1.55494740741571,0.810201670962192,1.21937730875929
"933",1.57387172024881,-0.0540255717593585,1.43399703459984
"934",1.57398678912782,0.173573628225514,2.85481212860454
"935",1.57674274551744,-0.95876827108735,2.93771258366791
"936",1.58072511100311,0.781949141573309,1.25572286873668
"937",1.58824069795733,0.590158143031633,2.49154021407958
"938",1.58995295838027,-1.37780042716284,1.71863163632483
"939",1.59297594431503,-1.21925495074534,1.74753533409338
"940",1.59562181509932,1.10187429110717,1.12499869304999
"941",1.60527362309809,0.80226332692597,0.662391579822128
"942",1.60724326131366,1.56976678409571,0.402990888832377
"943",1.61362890987243,0.240240818746433,1.250784966449
"944",1.61933283495912,0.275319550162555,1.30977432267496
"945",1.62041619344901,0.353423333881336,0.546169902019121
"946",1.62254619584345,0.153386058036973,1.41465376860777
"947",1.64097239803794,-1.84915380164494,4.1122294865062
"948",1.64587555379619,0.751464569134719,-1.07734805064034
"949",1.64730192338135,-1.15600456098894,1.5340092718001
"950",1.67019937533377,0.265721692180953,0.7182152104601
"951",1.68083871463584,-0.303266142969036,2.64689153939196
"952",1.7083715216168,1.81908498550247,2.20679262771021
"953",1.7133867559045,0.429487315177818,0.912255359163052
"954",1.7227234269232,0.210278149268151,2.83833096365078
"955",1.73022581704183,0.0402677541075738,0.547840416164432
"956",1.73101043088975,1.05683385178704,2.36522634946738
"957",1.73179422506969,-0.509014372924941,2.76597673319338
"958",1.74511266023447,-0.290368456011455,1.73688021953442
"959",1.77828166297808,-0.292990817039296,1.22145751746496
"960",1.77994941350501,0.516504993168699,-0.310189078895261
"961",1.78742208113722,0.405422871950562,2.51697198648997
"962",1.78833135013979,1.04043562774966,0.334175749404237
"963",1.79649359021177,0.92743346431385,-0.318047053151073
"964",1.79681920916543,1.07682858551717,0.064050824594569
"965",1.83190850311791,-0.139468458255947,2.40207505200543
"966",1.83637424355658,0.23364346357998,1.20107045836403
"967",1.84271420785957,-2.31001623106453,2.4254114649975
"968",1.84405074610798,-1.84631492862012,2.86521991777475
"969",1.84405314066037,-1.24399345826907,2.3626256443332
"970",1.86185533602005,0.0491794952886329,0.200423330786295
"971",1.88897177321894,1.20611803928847,-0.300128111915115
"972",1.8906094091933,-1.06955087023042,3.16148991244291
"973",1.92316444609159,-0.21836525715817,1.75333825425523
"974",1.98247176565207,0.344033559760572,-0.309029098479941
"975",2.01382497365543,-0.950119840029382,0.521835485075961
"976",2.0139659766884,0.359010724612516,2.20190562788504
"977",2.01956322672009,0.868175225851036,2.60982891051216
"978",2.03020434380097,1.26198786322195,0.741207325810508
"979",2.03520513939506,-0.651467116499147,2.18095067030992
"980",2.05480963690081,-1.19504516382916,3.75269631299006
"981",2.10153005756981,-0.290313860716766,1.16747070186729
"982",2.125680683941,-0.653723301538593,3.24912396365747
"983",2.12857670533538,-2.23892075357241,3.30341400847882
"984",2.1426607744143,-1.34548137615535,1.45821164520283
"985",2.15171740255138,1.14664123139008,1.03744606533728
"986",2.22130303883649,-0.449112928460028,0.758891962479521
"987",2.27052537733764,0.726825007219468,3.35168017936114
"988",2.29039536418939,0.440956080006304,1.66762185635774
"989",2.29212491156615,-0.53476551583769,1.95829685207316
"990",2.32758394908799,-0.124957274240753,2.48253625987486
"991",2.35398558749446,-1.22022154082203,1.75672671017841
"992",2.50567692705198,-0.0791282161637346,0.730997965513152
"993",2.5586103937929,1.4982596046297,3.48434654992288
"994",2.64369914891422,-1.56757686155729,4.26844243649187
"995",2.71769012922484,-0.320436648373249,1.99036170502494
"996",2.72394947036743,-0.447044967113859,1.76445938909506
"997",3.00012015441496,0.0612302112845895,-1.49324949603552
"998",3.06729293197249,0.916519915001797,0.961074063644014
"999",3.09612705086912,-1.0152929315857,2.35055527497188
"1000",3.39129925849431,1.03680702333843,1.55398343717183
